{"$type":"List`1","$values":[{"$id":"1","$type":"ProjectOptionEntry","key":"LastSelection@Siemens.Simatic.PlcLanguages.SCLEditor.SCLEditorView","context":"{2232321-3398}","value":{"$id":"2","$type":"SessionDataUndo","CaretPositionRC":"0, 9"}},{"$id":"3","$type":"ProjectOptionEntry","key":"NetworkCollapsed","context":"{2232342-3231}","value":true},{"$id":"4","$type":"ProjectOptionEntry","key":"NetworkCollapsed","context":"{2232342-3233}","value":true},{"$id":"5","$type":"ProjectOptionEntry","key":"NetworkCollapsed","context":"{2232342-3235}","value":true},{"$id":"6","$type":"ProjectOptionEntry","key":"NetworkCollapsed","context":"{2232342-3237}","value":true},{"$id":"7","$type":"ProjectOptionEntry","key":"NetworkCollapsed","context":"{2232342-3239}","value":true},{"$id":"8","$type":"ProjectOptionEntry","key":"RestoreNetworkStates","context":"{2232321-3228}","value":true},{"$id":"9","$type":"ProjectOptionEntry","key":"NetworkCollapsed","context":"{2232342-3249}","value":true},{"$id":"10","$type":"ProjectOptionEntry","key":"NetworkCollapsed","context":"{2232342-3247}","value":true},{"$id":"11","$type":"ProjectOptionEntry","key":"NetworkCollapsed","context":"{2232342-3252}","value":true},{"$id":"12","$type":"ProjectOptionEntry","key":"NetworkCollapsed","context":"{2232342-3251}","value":true},{"$id":"13","$type":"ProjectOptionEntry","key":"LastSelection@Siemens.Simatic.PlcLanguages.SCLEditor.SCLEditorView","context":"{2232321-2847}","value":{"$id":"14","$type":"SessionDataUndo","CaretPositionRC":"7, 14"}},{"$id":"15","$type":"ProjectOptionEntry","key":"NetworkCollapsed","context":"{2232342-2916}","value":false},{"$id":"16","$type":"ProjectOptionEntry","key":"NetworkCollapsed","context":"{2232342-2917}","value":false},{"$id":"17","$type":"ProjectOptionEntry","key":"NetworkCollapsed","context":"{2232342-2918}","value":false},{"$id":"18","$type":"ProjectOptionEntry","key":"RestoreNetworkStates","context":"{2232321-2913}","value":true},{"$id":"19","$type":"ProjectOptionEntry","key":"LastSelection@Siemens.Simatic.PlcLanguages.SCLEditor.SCLEditorView","context":"{2232321-3382}","value":{"$id":"20","$type":"SessionDataUndo","CaretPositionRC":"0, 0"}},{"$id":"21","$type":"ProjectOptionEntry","key":"LastSelection@Siemens.Simatic.PlcLanguages.SCLEditor.SCLEditorView","context":"{2232321-3264}","value":{"$id":"22","$type":"SessionDataUndo","CaretPositionRC":"74, 64"}},{"$id":"23","$type":"ProjectOptionEntry","key":"NetworkCollapsed","context":"{2232342-2731}","value":false},{"$id":"24","$type":"ProjectOptionEntry","key":"RestoreNetworkStates","context":"{2232321-2728}","value":true},{"$id":"25","$type":"ProjectOptionEntry","key":"LastSelection@Siemens.Simatic.PlcLanguages.PLFrame.BasicLanguageEditor","context":"{2232321-2728}","value":{"$id":"26","$type":"SessionState","NetworkStates":{"$id":"27","$type":"Dictionary`2","1":5},"FocusedComponent":4,"ComponentUndoState":{"$id":"28","$type":"SessionDataUndo","CaretPositionRC":"0, 0"}}},{"$id":"29","$type":"ProjectOptionEntry","key":"NetworkCollapsed","context":"{2232342-3241}","value":true},{"$id":"30","$type":"ProjectOptionEntry","key":"LastSelection@Siemens.Simatic.PlcLanguages.SCLEditor.SCLEditorView","context":"{2232321-2576}","value":{"$id":"31","$type":"SessionDataUndo","CaretPositionRC":"0, 0"}},{"$id":"32","$type":"ProjectOptionEntry","key":"LastSelection@Siemens.Simatic.PlcLanguages.SCLEditor.SCLEditorView","context":"{2232321-2623}","value":{"$id":"33","$type":"SessionDataUndo","CaretPositionRC":"0, 0"}},{"$id":"34","$type":"ProjectOptionEntry","key":"LastSelection@Siemens.Simatic.PlcLanguages.SCLEditor.SCLEditorView","context":"{2232321-3300}","value":{"$id":"35","$type":"SessionDataUndo","CaretPositionRC":"0, 44"}},{"$id":"36","$type":"ProjectOptionEntry","key":"LastSelection@Siemens.Simatic.PlcLanguages.SCLEditor.SCLEditorView","context":"{2232321-3211}","value":{"$id":"37","$type":"SessionDataUndo","CaretPositionRC":"27, 10"}},{"$id":"38","$type":"ProjectOptionEntry","key":"LastSelection@Siemens.Simatic.PlcLanguages.SCLEditor.SCLEditorView","context":"{2232321-3368}","value":{"$id":"39","$type":"SessionDataUndo","CaretPositionRC":"6, 6"}},{"$id":"40","$type":"ProjectOptionEntry","key":"LastSelection@Siemens.Simatic.PlcLanguages.SCLEditor.SCLEditorView","context":"{2232321-3019}","value":{"$id":"41","$type":"SessionDataUndo","CaretPositionRC":"25, 17"}},{"$id":"42","$type":"ProjectOptionEntry","key":"LastSelection@Siemens.Simatic.PlcLanguages.SCLEditor.SCLEditorView","context":"{2232321-3420}","value":{"$id":"43","$type":"SessionDataUndo","CaretPositionRC":"0, 17"}},{"$id":"44","$type":"ProjectOptionEntry","key":"LastSelection@Siemens.Simatic.PlcLanguages.SCLEditor.SCLEditorView","context":"{2232321-3112}","value":{"$id":"45","$type":"SessionDataUndo","CaretPositionRC":"0, 0"}},{"$id":"46","$type":"ProjectOptionEntry","key":"LastSelection@Siemens.Simatic.PlcLanguages.SCLEditor.SCLEditorView","context":"{2232321-2350}","value":{"$id":"47","$type":"SessionDataUndo","CaretPositionRC":"0, 0"}},{"$id":"48","$type":"ProjectOptionEntry","key":"LastSelection@Siemens.Simatic.PlcLanguages.SCLEditor.SCLEditorView","context":"{2232321-2342}","value":{"$id":"49","$type":"SessionDataUndo","CaretPositionRC":"0, 8"}},{"$id":"50","$type":"ProjectOptionEntry","key":"LastSelection@Siemens.Simatic.PlcLanguages.SCLEditor.SCLEditorView","context":"{2232321-2591}","value":{"$id":"51","$type":"SessionDataUndo","CaretPositionRC":"56, 2"}},{"$id":"52","$type":"ProjectOptionEntry","key":"LastSelection@Siemens.Simatic.PlcLanguages.SCLEditor.SCLEditorView","context":"{2232321-2359}","value":{"$id":"53","$type":"SessionDataUndo","CaretPositionRC":"0, 9"}},{"$id":"54","$type":"ProjectOptionEntry","key":"LastSelection@Siemens.Simatic.PlcLanguages.SCLEditor.SCLEditorView","context":"{2232321-2504}","value":{"$id":"55","$type":"SessionDataUndo","CaretPositionRC":"0, 0"}},{"$id":"56","$type":"ProjectOptionEntry","key":"LastSelection@Siemens.Simatic.PlcLanguages.SCLEditor.SCLEditorView","context":"{2232321-17099}","value":{"$id":"57","$type":"SessionDataUndo","CaretPositionRC":"65, 2"}},{"$id":"58","$type":"ProjectOptionEntry","key":"NetworkCollapsed","context":"{2232342-3243}","value":true},{"$id":"59","$type":"ProjectOptionEntry","key":"NetworkCollapsed","context":"{2232342-2800}","value":false},{"$id":"60","$type":"ProjectOptionEntry","key":"NetworkCollapsed","context":"{2232342-2802}","value":false},{"$id":"61","$type":"ProjectOptionEntry","key":"NetworkCollapsed","context":"{2232342-2804}","value":false},{"$id":"62","$type":"ProjectOptionEntry","key":"NetworkCollapsed","context":"{2232342-2806}","value":false},{"$id":"63","$type":"ProjectOptionEntry","key":"NetworkCollapsed","context":"{2232342-2808}","value":false},{"$id":"64","$type":"ProjectOptionEntry","key":"RestoreNetworkStates","context":"{2232321-2797}","value":true},{"$id":"65","$type":"ProjectOptionEntry","key":"LastSelection@Siemens.Simatic.PlcLanguages.PLFrame.BasicLanguageEditor","context":"{2232321-2797}","value":{"$id":"66","$type":"SessionState","NetworkStates":{"$id":"67","$type":"Dictionary`2","1":5},"FocusedComponent":4,"ComponentUndoState":{"$id":"68","$type":"FLGViewSessionState","SelectedElements":{"$type":"String[]","$values":["<?xml version=\"1.0\" encoding=\"utf-16\"?><Connector UId=\"-1\" FormalName=\"IN\" OwnerUId=\"21\" ParaNum=\"-1\" />"]},"RelevantSettings":null}}},{"$id":"69","$type":"ProjectOptionEntry","key":"NetworkCollapsed","context":"{2232342-2881}","value":false},{"$id":"70","$type":"ProjectOptionEntry","key":"NetworkCollapsed","context":"{2232342-2883}","value":false},{"$id":"71","$type":"ProjectOptionEntry","key":"NetworkCollapsed","context":"{2232342-2884}","value":false},{"$id":"72","$type":"ProjectOptionEntry","key":"NetworkCollapsed","context":"{2232342-2885}","value":false},{"$id":"73","$type":"ProjectOptionEntry","key":"RestoreNetworkStates","context":"{2232321-2878}","value":true},{"$id":"74","$type":"ProjectOptionEntry","key":"NetworkCollapsed","context":"{2232342-2754}","value":false},{"$id":"75","$type":"ProjectOptionEntry","key":"NetworkCollapsed","context":"{2232342-2756}","value":false},{"$id":"76","$type":"ProjectOptionEntry","key":"NetworkCollapsed","context":"{2232342-2758}","value":false},{"$id":"77","$type":"ProjectOptionEntry","key":"NetworkCollapsed","context":"{2232342-2760}","value":false},{"$id":"78","$type":"ProjectOptionEntry","key":"NetworkCollapsed","context":"{2232342-2762}","value":false},{"$id":"79","$type":"ProjectOptionEntry","key":"RestoreNetworkStates","context":"{2232321-2751}","value":true},{"$id":"80","$type":"ProjectOptionEntry","key":"NetworkCollapsed","context":"{2232342-2764}","value":true},{"$id":"81","$type":"ProjectOptionEntry","key":"NetworkCollapsed","context":"{2232342-2766}","value":true},{"$id":"82","$type":"ProjectOptionEntry","key":"NetworkCollapsed","context":"{2232342-2768}","value":true},{"$id":"83","$type":"ProjectOptionEntry","key":"NetworkCollapsed","context":"{2232342-2770}","value":false},{"$id":"84","$type":"ProjectOptionEntry","key":"NetworkCollapsed","context":"{2232342-2772}","value":false},{"$id":"85","$type":"ProjectOptionEntry","key":"LastSelection@Siemens.Simatic.PlcLanguages.PLFrame.BasicLanguageEditor","context":"{2232321-2751}","value":{"$id":"86","$type":"SessionState","NetworkStates":{"$id":"87","$type":"Dictionary`2","10":5},"FocusedComponent":4,"ComponentUndoState":{"$id":"88","$type":"FLGViewSessionState","SelectedElements":{"$type":"String[]","$values":["<?xml version=\"1.0\" encoding=\"utf-16\"?><Connector UId=\"-1\" FormalName=\"IN\" OwnerUId=\"21\" ParaNum=\"-1\" />"]},"RelevantSettings":null}}},{"$id":"89","$type":"ProjectOptionEntry","key":"NetworkCollapsed","context":"{2232342-3245}","value":true},{"$id":"90","$type":"ProjectOptionEntry","key":"NetworkCollapsed","context":"{2232342-17146}","value":true},{"$id":"91","$type":"ProjectOptionEntry","key":"LastSelection@Siemens.Simatic.PlcLanguages.SCLEditor.SCLEditorView","context":"{2232321-2822}","value":{"$id":"92","$type":"SessionDataUndo","CaretPositionRC":"0, 0"}},{"$id":"93","$type":"ProjectOptionEntry","key":"NetworkCollapsed","context":"{2232342-17155}","value":false},{"$id":"94","$type":"ProjectOptionEntry","key":"RestoreNetworkStates","context":"{2232321-17152}","value":true},{"$id":"95","$type":"ProjectOptionEntry","key":"LastSelection@Siemens.Simatic.PlcLanguages.SCLEditor.SCLEditorView","context":"{2232321-2583}","value":{"$id":"96","$type":"SessionDataUndo","CaretPositionRC":"42, 0"}},{"$id":"97","$type":"ProjectOptionEntry","key":"LastSelection@Siemens.Simatic.PlcLanguages.SCLEditor.SCLEditorView","context":"{2232321-2598}","value":{"$id":"98","$type":"SessionDataUndo","CaretPositionRC":"55, 44"}},{"$id":"99","$type":"ProjectOptionEntry","key":"LastSelection@Siemens.Simatic.PlcLanguages.SCLEditor.SCLEditorView","context":"{2232321-17044}","value":{"$id":"100","$type":"SessionDataUndo","CaretPositionRC":"14, 12"}},{"$id":"101","$type":"ProjectOptionEntry","key":"LastSelection@Siemens.Simatic.PlcLanguages.SCLEditor.SCLEditorView","context":"{2232321-2368}","value":{"$id":"102","$type":"SessionDataUndo","CaretPositionRC":"0, 0"}},{"$id":"103","$type":"ProjectOptionEntry","key":"LastSelection@Siemens.Simatic.PlcLanguages.SCLEditor.SCLEditorView","context":"{2232321-17248}","value":{"$id":"104","$type":"SessionDataUndo","CaretPositionRC":"7, 3"}},{"$id":"105","$type":"ProjectOptionEntry","key":"LastSelection@Siemens.Simatic.PlcLanguages.SCLEditor.SCLEditorView","context":"{2232321-3100}","value":{"$id":"106","$type":"SessionDataUndo","CaretPositionRC":"45, 78"}},{"$id":"107","$type":"ProjectOptionEntry","key":"NetworkCollapsed","context":"{2232342-2776}","value":false},{"$id":"108","$type":"ProjectOptionEntry","key":"NetworkCollapsed","context":"{2232342-2774}","value":false},{"$id":"109","$type":"ProjectOptionEntry","key":"LastSelection@Siemens.Simatic.PlcLanguages.SCLEditor.SCLEditorView","context":"{2232321-3031}","value":{"$id":"110","$type":"SessionDataUndo","CaretPositionRC":"0, 0"}},{"$id":"111","$type":"ProjectOptionEntry","key":"LastSelection@Siemens.Simatic.PlcLanguages.SCLEditor.SCLEditorView","context":"{2232321-3335}","value":{"$id":"112","$type":"SessionDataUndo","CaretPositionRC":"16, 16"}},{"$id":"113","$type":"ProjectOptionEntry","key":"LastSelection@Siemens.Simatic.PlcLanguages.SCLEditor.SCLEditorView","context":"{2232321-3389}","value":{"$id":"114","$type":"SessionDataUndo","CaretPositionRC":"13, 3"}},{"$id":"115","$type":"ProjectOptionEntry","key":"LastSelection@Siemens.Simatic.PlcLanguages.SCLEditor.SCLEditorView","context":"{2232321-3350}","value":{"$id":"116","$type":"SessionDataUndo","CaretPositionRC":"0, 0"}},{"$id":"117","$type":"ProjectOptionEntry","key":"LastSelection@Siemens.Simatic.PlcLanguages.PLFrame.BasicLanguageEditor","context":"{2232321-3228}","value":{"$id":"118","$type":"SessionState","NetworkStates":{"$id":"119","$type":"Dictionary`2","11":5},"FocusedComponent":1,"ComponentUndoState":null}}]}